{"root":[{"assemblyName":"Unity.RenderStreaming","nameSpace":"Unity.RenderStreaming","className":"RenderStreaming","methodName":"InitializeOnRuntime","loadTypes":0,"isUnityClass":true},{"assemblyName":"Unity.RenderStreaming.Sample","nameSpace":"Unity.RenderStreaming.Samples","className":"DeltaWithButton","methodName":"Initialize","loadTypes":0,"isUnityClass":true},{"assemblyName":"Unity.InputSystem","nameSpace":"UnityEngine.InputSystem","className":"InputSystem","methodName":"RunInitializeInPlayer","loadTypes":4,"isUnityClass":true},{"assemblyName":"Unity.InputSystem","nameSpace":"UnityEngine.InputSystem","className":"InputSystem","methodName":"RunInitialUpdate","loadTypes":1,"isUnityClass":true},{"assemblyName":"Unity.VisualScripting.Core","nameSpace":"Unity.VisualScripting","className":"RuntimeVSUsageUtility","methodName":"RuntimeInitializeOnLoadBeforeSceneLoad","loadTypes":1,"isUnityClass":true},{"assemblyName":"UniTask","nameSpace":"Cysharp.Threading.Tasks","className":"PlayerLoopHelper","methodName":"Init","loadTypes":1,"isUnityClass":false}]}
